{
  "deployment": {
    "name": "Hospital Ward A - Medical Device Network",
    "environment": "healthcare_facility",
    "timezone": "UTC+1",
    "created_at": "2025-01-01T00:00:00Z",
    "last_updated": "2026-01-10T12:30:45Z"
  },
  "devices": [
    {
      "deviceId": "esp32-001",
      "name": "Corridor Camera",
      "type": "camera",
      "status": "active",
      "ip": "192.168.1.10",
      "battery": 85,
      "location": {
        "x": 0,
        "y": 0,
        "z": 2.5
      },
      "services": [
        {
          "name": "camera",
          "protocol": "HTTP/REST",
          "details": {
            "fov": "90 degrees",
            "detection_area": "corridor",
            "resolution": "1920x1080",
            "sampling_frequency": 30
          }
        },
        {
          "name": "temperature",
          "protocol": "MQTT",
          "details": {
            "range": "10-50 C",
            "unit": "celsius"
          }
        }
      ],
      "last_seen": "2026-01-10T12:30:45Z"
    },
    {
      "deviceId": "esp32-002",
      "name": "Room 101 Sensor",
      "type": "sensor",
      "status": "active",
      "ip": "192.168.1.11",
      "battery": 92,
      "location": {
        "x": 10,
        "y": 5,
        "z": 1.5
      },
      "services": [
        {
          "name": "temperature",
          "protocol": "MQTT",
          "details": {
            "range": "15-40 C",
            "unit": "celsius",
            "accuracy": "±0.5 C"
          }
        },
        {
          "name": "humidity",
          "protocol": "MQTT",
          "details": {
            "range": "20-80%",
            "unit": "percent",
            "accuracy": "±2%"
          }
        }
      ],
      "last_seen": "2026-01-10T12:30:40Z"
    },
    {
      "deviceId": "esp32-003",
      "name": "Room 102 Sensor",
      "type": "sensor",
      "status": "deep_sleep",
      "ip": "192.168.1.12",
      "battery": 15,
      "location": {
        "x": 20,
        "y": 5,
        "z": 1.5
      },
      "services": [
        {
          "name": "temperature",
          "protocol": "MQTT",
          "details": {
            "range": "15-40 C",
            "unit": "celsius",
            "accuracy": "±0.5 C"
          }
        }
      ],
      "last_seen": "2026-01-10T12:15:00Z"
    },
    {
      "deviceId": "esp32-004",
      "name": "Corridor Light Control",
      "type": "actuator",
      "status": "idle",
      "ip": "192.168.1.13",
      "battery": 78,
      "location": {
        "x": 15,
        "y": -2,
        "z": 3
      },
      "services": [
        {
          "name": "control",
          "protocol": "HTTP/REST",
          "details": {
            "actions": ["on", "off", "dim"]
          }
        }
      ],
      "last_seen": "2026-01-10T12:25:00Z"
    },
    {
      "deviceId": "esp32-005",
      "name": "Storage Room Motion Sensor",
      "type": "sensor",
      "status": "sleep",
      "ip": "192.168.1.14",
      "battery": 45,
      "location": {
        "x": 60,
        "y": 10,
        "z": 2
      },
      "services": [
        {
          "name": "motion_detection",
          "protocol": "MQTT",
          "details": {
            "sensitivity": "high",
            "range": "5 meters"
          }
        }
      ],
      "last_seen": "2026-01-10T12:20:00Z"
    },
    {
      "deviceId": "esp32-006",
      "name": "Nursing Station Display",
      "type": "display",
      "status": "active",
      "ip": "192.168.1.15",
      "battery": 88,
      "location": {
        "x": 50,
        "y": 0,
        "z": 1
      },
      "services": [
        {
          "name": "display_control",
          "protocol": "HTTP/REST",
          "details": {
            "resolution": "1920x1080",
            "refresh_rate": "60 Hz"
          }
        },
        {
          "name": "status",
          "protocol": "MQTT",
          "details": {
            "online": true
          }
        }
      ],
      "last_seen": "2026-01-10T12:30:42Z"
    }
  ],
  "network_config": {
    "primary_broker": {
      "host": "mqtt.internal.hospital",
      "port": 1883,
      "protocol": "MQTT",
      "status": "online"
    },
    "secondary_broker": {
      "host": "mqtt-backup.internal.hospital",
      "port": 1883,
      "protocol": "MQTT",
      "status": "online"
    },
    "gateway": "192.168.1.1",
    "subnet_mask": "255.255.255.0",
    "dns_servers": ["8.8.8.8", "8.8.4.4"]
  },
  "locations": [
    {
      "location_id": "corridor",
      "name": "Main Corridor",
      "type": "corridor",
      "description": "Main patient care corridor"
    },
    {
      "location_id": "room_101",
      "name": "Patient Room 101",
      "type": "patient_room",
      "description": "Patient care room"
    },
    {
      "location_id": "room_102",
      "name": "Patient Room 102",
      "type": "patient_room",
      "description": "Patient care room"
    },
    {
      "location_id": "nursing_station",
      "name": "Nursing Station",
      "type": "office",
      "description": "Central monitoring hub"
    },
    {
      "location_id": "storage",
      "name": "Equipment Storage",
      "type": "storage",
      "description": "Medical equipment storage"
    }
  ]
}
