{
  "orchestration_plans": [
    {
      "plan_id": "activate-sensors-high-precision",
      "name": "Activate All High-Precision Sensors",
      "description": "Request activation of all high-precision sensors in deployment simultaneously",
      "user_intent": "Activate all high-precision sensors with simultaneous high-frequency sampling",
      "status": "ready",
      "created_at": "2026-01-11T10:00:00Z",
      "devices": [
        {
          "deviceId": "esp32-002",
          "name": "Room 101 Sensor",
          "type": "sensor",
          "location": {
            "x": 10,
            "y": 5,
            "z": 1.5
          },
          "services": [
            {
              "name": "temperature",
              "protocol": "MQTT",
              "parameters": {
                "sampling_frequency": 10,
                "precision": "high",
                "unit": "celsius"
              }
            },
            {
              "name": "humidity",
              "protocol": "MQTT",
              "parameters": {
                "sampling_frequency": 10,
                "precision": "high",
                "unit": "percent"
              }
            }
          ]
        },
        {
          "deviceId": "esp32-003",
          "name": "Room 102 Sensor",
          "type": "sensor",
          "location": {
            "x": 20,
            "y": 5,
            "z": 1.5
          },
          "services": [
            {
              "name": "temperature",
              "protocol": "MQTT",
              "parameters": {
                "sampling_frequency": 10,
                "precision": "high",
                "unit": "celsius"
              }
            }
          ]
        },
        {
          "deviceId": "esp32-005",
          "name": "Storage Room Motion Sensor",
          "type": "sensor",
          "location": {
            "x": 60,
            "y": 10,
            "z": 2
          },
          "services": [
            {
              "name": "motion_detection",
              "protocol": "MQTT",
              "parameters": {
                "sensitivity": "high",
                "range": 5
              }
            }
          ]
        }
      ],
      "algorithm": {
        "type": "parallel",
        "description": "Request all services simultaneously from all devices",
        "steps": [
          {
            "step_id": 1,
            "type": "initialize",
            "description": "Prepare all devices for high-precision measurement",
            "for_all_devices": true,
            "action": "prepare_high_precision_mode"
          },
          {
            "step_id": 2,
            "type": "request_service",
            "description": "Request service activation from all devices in parallel",
            "for_all_devices": true,
            "execution_mode": "parallel",
            "timeout_ms": 5000,
            "actions": [
              {
                "device": "all",
                "services": "all",
                "command": "activate",
                "parameters": {
                  "mode": "high_precision",
                  "synchronize": true
                }
              }
            ]
          },
          {
            "step_id": 3,
            "type": "verify",
            "description": "Verify all devices activated successfully",
            "for_all_devices": true,
            "expected_status": "active"
          },
          {
            "step_id": 4,
            "type": "monitor",
            "description": "Start monitoring all sensors",
            "for_all_devices": true,
            "monitoring_frequency_ms": 1000
          }
        ]
      },
      "expected_outcome": {
        "devices_activated": 3,
        "total_services": 5,
        "sampling_frequency_hz": 10,
        "precision_level": "high",
        "synchronization": "synchronized"
      }
    },
    {
      "plan_id": "camera-corridor-monitoring",
      "name": "Corridor Video Monitoring Setup",
      "description": "Activate camera in corridor and enable video streaming to nursing station",
      "user_intent": "Which devices are available in the corridor and can stream video?",
      "status": "ready",
      "created_at": "2026-01-11T09:30:00Z",
      "devices": [
        {
          "deviceId": "esp32-001",
          "name": "Corridor Camera",
          "type": "camera",
          "location": {
            "x": 0,
            "y": 0,
            "z": 2.5
          },
          "services": [
            {
              "name": "camera",
              "protocol": "HTTP/REST",
              "parameters": {
                "resolution": "1920x1080",
                "fps": 30,
                "codec": "H.264",
                "streaming": true,
                "detection_area": "corridor"
              }
            },
            {
              "name": "temperature",
              "protocol": "MQTT",
              "parameters": {
                "sampling_frequency": 1,
                "unit": "celsius"
              }
            }
          ]
        },
        {
          "deviceId": "esp32-006",
          "name": "Nursing Station Display",
          "type": "display",
          "location": {
            "x": 50,
            "y": 0,
            "z": 1
          },
          "services": [
            {
              "name": "display_control",
              "protocol": "HTTP/REST",
              "parameters": {
                "resolution": "1920x1080",
                "refresh_rate": 60
              }
            },
            {
              "name": "status",
              "protocol": "MQTT",
              "parameters": {
                "online": true
              }
            }
          ]
        }
      ],
      "algorithm": {
        "type": "sequential",
        "description": "Activate camera stream and display on nursing station",
        "steps": [
          {
            "step_id": 1,
            "type": "request_service",
            "description": "Start video streaming from corridor camera",
            "device": "esp32-001",
            "service": "camera",
            "command": "activate_stream",
            "parameters": {
              "resolution": "1920x1080",
              "fps": 30,
              "destination": "mqtt://video/corridor"
            }
          },
          {
            "step_id": 2,
            "type": "request_service",
            "description": "Enable display on nursing station",
            "device": "esp32-006",
            "service": "display_control",
            "command": "display_stream",
            "parameters": {
              "source": "mqtt://video/corridor",
              "fullscreen": true
            }
          },
          {
            "step_id": 3,
            "type": "verify",
            "description": "Verify video stream is being received",
            "for_all_devices": false,
            "check": "stream_active"
          }
        ]
      },
      "expected_outcome": {
        "devices_involved": 2,
        "stream_source": "esp32-001",
        "stream_destination": "esp32-006",
        "video_quality": "1920x1080@30fps",
        "latency_ms": "< 500"
      }
    },
    {
      "plan_id": "environmental-monitoring",
      "name": "Environmental Monitoring Suite",
      "description": "Activate all environmental sensors (temperature, humidity, motion) for building monitoring",
      "user_intent": "Activate all environmental monitoring sensors",
      "status": "ready",
      "created_at": "2026-01-11T08:00:00Z",
      "devices": [
        {
          "deviceId": "esp32-002",
          "name": "Room 101 Sensor",
          "type": "sensor",
          "location": {
            "x": 10,
            "y": 5,
            "z": 1.5
          },
          "services": [
            {
              "name": "temperature",
              "protocol": "MQTT",
              "parameters": {
                "sampling_frequency": 1,
                "unit": "celsius",
                "alert_threshold_min": 18,
                "alert_threshold_max": 26
              }
            },
            {
              "name": "humidity",
              "protocol": "MQTT",
              "parameters": {
                "sampling_frequency": 1,
                "unit": "percent"
              }
            }
          ]
        },
        {
          "deviceId": "esp32-003",
          "name": "Room 102 Sensor",
          "type": "sensor",
          "location": {
            "x": 20,
            "y": 5,
            "z": 1.5
          },
          "services": [
            {
              "name": "temperature",
              "protocol": "MQTT",
              "parameters": {
                "sampling_frequency": 1,
                "unit": "celsius",
                "alert_threshold_min": 18,
                "alert_threshold_max": 26
              }
            }
          ]
        },
        {
          "deviceId": "esp32-005",
          "name": "Storage Room Motion Sensor",
          "type": "sensor",
          "location": {
            "x": 60,
            "y": 10,
            "z": 2
          },
          "services": [
            {
              "name": "motion_detection",
              "protocol": "MQTT",
              "parameters": {
                "sensitivity": "medium",
                "range": 5,
                "detection_area": "storage_room"
              }
            }
          ]
        }
      ],
      "algorithm": {
        "type": "parallel",
        "description": "Activate all environmental services from all sensors",
        "steps": [
          {
            "step_id": 1,
            "type": "request_service",
            "description": "Activate temperature sensors in rooms",
            "devices": ["esp32-002", "esp32-003"],
            "service": "temperature",
            "command": "activate",
            "execution_mode": "parallel"
          },
          {
            "step_id": 2,
            "type": "request_service",
            "description": "Activate humidity sensor in room 101",
            "device": "esp32-002",
            "service": "humidity",
            "command": "activate"
          },
          {
            "step_id": 3,
            "type": "request_service",
            "description": "Activate motion detection in storage",
            "device": "esp32-005",
            "service": "motion_detection",
            "command": "activate"
          },
          {
            "step_id": 4,
            "type": "configure",
            "description": "Set alert thresholds",
            "for_all_devices": true,
            "action": "set_alert_thresholds"
          }
        ]
      },
      "expected_outcome": {
        "devices_activated": 3,
        "services_activated": 4,
        "total_sensors": 5,
        "monitoring_mode": "continuous",
        "alert_system": "enabled"
      }
    }
  ],
  "service_templates": {
    "temperature_service": {
      "name": "temperature",
      "protocol": "MQTT",
      "description": "Temperature sensing and monitoring",
      "default_parameters": {
        "sampling_frequency": 1,
        "unit": "celsius",
        "range_min": 10,
        "range_max": 50
      }
    },
    "humidity_service": {
      "name": "humidity",
      "protocol": "MQTT",
      "description": "Humidity sensing and monitoring",
      "default_parameters": {
        "sampling_frequency": 1,
        "unit": "percent",
        "range_min": 20,
        "range_max": 80
      }
    },
    "camera_service": {
      "name": "camera",
      "protocol": "HTTP/REST",
      "description": "Video streaming and capture",
      "default_parameters": {
        "resolution": "1920x1080",
        "fps": 30,
        "codec": "H.264"
      }
    },
    "motion_service": {
      "name": "motion_detection",
      "protocol": "MQTT",
      "description": "Motion detection and tracking",
      "default_parameters": {
        "sensitivity": "medium",
        "range": 5
      }
    }
  },
  "execution_history": []
}
